model,accuracy,precision,recall,f1,sec_per_pred
Logistic Regression,0.55,0.6037735849056604,0.4507042253521127,0.5161290322580645,8.510498446412384e-08
SVM (RBF),0.915,0.949748743718593,0.8873239436619719,0.9174757281553398,2.9474582406692205e-05
MLP,0.94,0.9655172413793104,0.92018779342723,0.9423076923076923,1.1416748748160898e-07
