model,accuracy,precision,recall,f1,sec_per_pred
Logistic Regression (6F),0.615,0.656084656084656,0.5821596244131455,0.6169154228855721,1.143749977927655e-07
SVM RBF (6F),0.8925,0.897196261682243,0.9014084507042254,0.8992974238875878,1.4848022474325261e-05
"Neural Network (MLP, 6F)",0.905,0.9107981220657277,0.9107981220657277,0.9107981220657277,1.5916499251034112e-07
QNN 4-Qubit (6F),0.715,0.726027397260274,0.7464788732394366,0.7361111111111112,0.0023686721874400973
QNN 5-Qubit (6F),0.69,0.680161943319838,0.7887323943661971,0.7304347826086957,0.0029343136450188465
QNN 6-Qubit (6F),0.7075,0.7068965517241379,0.7699530516431925,0.7370786516853932,0.0035269193749991245
